,0
0,/content/Dataset/concepts/7/11_220.png
1,/content/Dataset/concepts/1/21_395.png
2,/content/Dataset/concepts/12/4_42.png
3,/content/Dataset/concepts/11/17_368.png
4,/content/Dataset/concepts/14/26_405.png
5,/content/Dataset/concepts/1/33_356.png
6,/content/Dataset/concepts/5/21_71.png
7,/content/Dataset/concepts/11/30_125.png
8,/content/Dataset/concepts/10/30_19.png
9,/content/Dataset/concepts/5/19_216.png
10,/content/Dataset/concepts/6/6_329.png
11,/content/Dataset/concepts/0/17_115.png
12,/content/Dataset/concepts/5/6_415.png
13,/content/Dataset/concepts/3/6_85.png
14,/content/Dataset/concepts/2/17_104.png
15,/content/Dataset/concepts/5/20_141.png
16,/content/Dataset/concepts/6/23_419.png
17,/content/Dataset/concepts/14/6_85.png
18,/content/Dataset/concepts/3/29_147.png
19,/content/Dataset/concepts/1/25_187.png
20,/content/Dataset/concepts/11/4_450.png
21,/content/Dataset/concepts/14/21_1.png
22,/content/Dataset/concepts/9/16_154.png
23,/content/Dataset/concepts/11/21_179.png
24,/content/Dataset/concepts/7/20_91.png
25,/content/Dataset/concepts/9/32_287.png
26,/content/Dataset/concepts/12/15_182.png
27,/content/Dataset/concepts/14/15_59.png
28,/content/Dataset/concepts/13/14_288.png
29,/content/Dataset/concepts/8/20_305.png
30,/content/Dataset/concepts/9/12_451.png
31,/content/Dataset/concepts/13/18_138.png
32,/content/Dataset/concepts/3/37_176.png
33,/content/Dataset/concepts/14/36_56.png
34,/content/Dataset/concepts/3/40_141.png
35,/content/Dataset/concepts/5/18_390.png
36,/content/Dataset/concepts/0/6_291.png
37,/content/Dataset/concepts/13/28_120.png
38,/content/Dataset/concepts/3/21_111.png
39,/content/Dataset/concepts/5/12_447.png
40,/content/Dataset/concepts/9/20_360.png
41,/content/Dataset/concepts/6/9_180.png
42,/content/Dataset/concepts/9/16_193.png
43,/content/Dataset/concepts/4/32_442.png
44,/content/Dataset/concepts/11/11_331.png
45,/content/Dataset/concepts/10/24_420.png
46,/content/Dataset/concepts/0/5_419.png
47,/content/Dataset/concepts/14/13_81.png
48,/content/Dataset/concepts/11/16_309.png
49,/content/Dataset/concepts/5/35_265.png
50,/content/Dataset/concepts/6/34_295.png
51,/content/Dataset/concepts/12/2_231.png
52,/content/Dataset/concepts/14/38_27.png
53,/content/Dataset/concepts/5/33_280.png
54,/content/Dataset/concepts/14/3_101.png
55,/content/Dataset/concepts/7/13_233.png
56,/content/Dataset/concepts/2/25_367.png
57,/content/Dataset/concepts/0/27_170.png
58,/content/Dataset/concepts/14/14_278.png
59,/content/Dataset/concepts/12/34_143.png
60,/content/Dataset/concepts/5/25_3.png
61,/content/Dataset/concepts/10/9_99.png
62,/content/Dataset/concepts/14/16_470.png
63,/content/Dataset/concepts/10/35_401.png
64,/content/Dataset/concepts/8/24_455.png
65,/content/Dataset/concepts/6/24_425.png
66,/content/Dataset/concepts/14/20_326.png
67,/content/Dataset/concepts/11/28_3.png
68,/content/Dataset/concepts/2/15_370.png
69,/content/Dataset/concepts/14/24_125.png
70,/content/Dataset/concepts/1/6_450.png
71,/content/Dataset/concepts/12/5_120.png
72,/content/Dataset/concepts/5/14_66.png
73,/content/Dataset/concepts/4/13_228.png
74,/content/Dataset/concepts/4/8_59.png
75,/content/Dataset/concepts/6/37_159.png
76,/content/Dataset/concepts/4/17_309.png
77,/content/Dataset/concepts/11/17_316.png
78,/content/Dataset/concepts/2/18_419.png
79,/content/Dataset/concepts/0/36_17.png
80,/content/Dataset/concepts/2/6_208.png
81,/content/Dataset/concepts/8/15_130.png
82,/content/Dataset/concepts/6/18_58.png
83,/content/Dataset/concepts/11/18_292.png
84,/content/Dataset/concepts/5/15_297.png
85,/content/Dataset/concepts/9/26_293.png
86,/content/Dataset/concepts/13/28_308.png
87,/content/Dataset/concepts/3/35_90.png
88,/content/Dataset/concepts/8/18_186.png
89,/content/Dataset/concepts/10/28_91.png
90,/content/Dataset/concepts/3/28_428.png
91,/content/Dataset/concepts/2/24_210.png
92,/content/Dataset/concepts/1/36_104.png
93,/content/Dataset/concepts/6/17_464.png
94,/content/Dataset/concepts/0/34_325.png
95,/content/Dataset/concepts/7/32_456.png
96,/content/Dataset/concepts/11/27_272.png
97,/content/Dataset/concepts/4/16_258.png
98,/content/Dataset/concepts/13/17_352.png
99,/content/Dataset/concepts/6/25_447.png
100,/content/Dataset/concepts/11/25_226.png
101,/content/Dataset/concepts/13/28_173.png
102,/content/Dataset/concepts/6/4_463.png
103,/content/Dataset/concepts/14/30_181.png
104,/content/Dataset/concepts/5/24_220.png
105,/content/Dataset/concepts/0/19_476.png
106,/content/Dataset/concepts/11/19_266.png
107,/content/Dataset/concepts/0/26_319.png
108,/content/Dataset/concepts/3/3_309.png
109,/content/Dataset/concepts/0/35_445.png
110,/content/Dataset/concepts/9/19_368.png
111,/content/Dataset/concepts/13/7_356.png
112,/content/Dataset/concepts/5/15_12.png
113,/content/Dataset/concepts/11/28_239.png
114,/content/Dataset/concepts/4/23_154.png
115,/content/Dataset/concepts/5/33_380.png
116,/content/Dataset/concepts/7/19_196.png
117,/content/Dataset/concepts/14/24_329.png
118,/content/Dataset/concepts/6/7_89.png
119,/content/Dataset/concepts/1/36_389.png
120,/content/Dataset/concepts/3/16_440.png
121,/content/Dataset/concepts/2/20_234.png
122,/content/Dataset/concepts/9/32_204.png
123,/content/Dataset/concepts/9/31_282.png
124,/content/Dataset/concepts/11/1_429.png
125,/content/Dataset/concepts/9/34_378.png
126,/content/Dataset/concepts/8/6_53.png
127,/content/Dataset/concepts/12/22_247.png
128,/content/Dataset/concepts/13/31_182.png
129,/content/Dataset/concepts/4/37_374.png
130,/content/Dataset/concepts/1/25_125.png
131,/content/Dataset/concepts/14/28_51.png
132,/content/Dataset/concepts/1/23_227.png
133,/content/Dataset/concepts/0/26_356.png
134,/content/Dataset/concepts/13/24_269.png
135,/content/Dataset/concepts/0/28_151.png
136,/content/Dataset/concepts/13/24_160.png
137,/content/Dataset/concepts/6/9_339.png
138,/content/Dataset/concepts/10/29_293.png
139,/content/Dataset/concepts/8/37_24.png
140,/content/Dataset/concepts/0/37_440.png
141,/content/Dataset/concepts/13/20_77.png
142,/content/Dataset/concepts/7/32_217.png
143,/content/Dataset/concepts/14/40_220.png
144,/content/Dataset/concepts/9/20_92.png
145,/content/Dataset/concepts/3/29_324.png
146,/content/Dataset/concepts/0/14_36.png
147,/content/Dataset/concepts/0/17_387.png
148,/content/Dataset/concepts/2/33_173.png
149,/content/Dataset/concepts/14/33_401.png
